#########################################################
#														#
# 			LEGACY OF KING ARTHUR NEW CULTURES			#
#														#
#########################################################

# Written by - AdvLeon #

# Do not change tags in here without changing every other reference to them.
# If adding new groups or cultures, make sure they are unique.

# Culture-specific opinion can be added to modifiers (E.G., norse_opinion = 5), but the modifier *has* to be defined in 00_modifier_definitions.txt as well. It also needs localisation. Works for groups as well

# Culture modifiers: modifier (applies to provinces), character_modifier, and settlement modifiers.
# The ID of the modifier can be defined here (E.G., modifier = modifier_name or character_modifier = modifier_name), while the effect of it must be defined in static_modifiers.txt, and the localisation in localisation. For the settlement modifiers you don't need to (and can't) define the ID; it defaults to culture name + settlement type. E.G., norse_temple

celtic = {
	graphical_cultures = { westerngfx }

	
	brittonic = {
		graphical_cultures = { englishgfx }
		
		color = { 143 188 143 }

		male_names = {
			Adda Adgar_Edgar Adran_Adrian Aeddan_Hugh Alan_Alan Aldwr_Aldroenus Algwyn_Alwin Alisander_Alexander Alured_Alfred Alwyn_Alwin Anarawd
			Andreas_Andrew Aneurin Anlaff_Olaf Anllech Annwn_Antoninus Argad_Arcadius Arod Arthen_Artemius Arthfael Arthfoddw_Arthbodus Arthwr_Arthur
			Arthws Arthwys_Artorius Asa Asaph Awst_August Bangar Bedwyr Beli_Beli Berthgwyn_Berhtwine Berthwallt_Berthoald Bleddyn_Bleddyn Bledrig_Bledrig
			Bleiddud_Bleiddud Branwaladr_Branwaladr Bride_Bride Briog_Briog Brochfael_Brogmaglus Brwt_Brutus Brwyn Brychan_Brychan Brân_Bran Cadell Cadeyrn
			Cadfael Cadfan Cadog_Cadog Cadw_Cadw Cadwal Cadwaladr_Cadwaladr Cadwallon_Cadwallon Cadwared_Cadwared Cadwgan Cadwr_Cadwr Cai_Gaius Caid Cain
			Caradog_Caradog Casnar Caswallon Cawdaf Cedig_Caedicius Cedwyn Ceneu Ceredig_Caratacus Clydog_Louis Coel Corentin_Corentin Cuhelyn
			Custennin_Constantine Cwlfyn_Culmin Cwrig_Cyriacus Cydifor Cydrych Cynan_Conan Cynddelw_Cynddelw Cyndyddan_Cyndyddan Cynddylan Cyndeyrn_Kentigern
			Cynfael_Cynfael Cynfarch_Cynfarch Cynfawr Cynfeddw Cynfelyn_Cynfelyn Cynfran Cynfyn Cyngar_Cyngar Cyngen_Cyngen Cynwallon_Cynwallon Cynwared
			Cynwrig Cynwyd Cynyr Cysteint_Constans Dafydd_David Deheuwant Deiniol_Daniel Dewi_David Dogfael Drystan_Tristan Dumnagual Dwyfan_Damian
			Dyfnarth_Donyarth Dyfnwal_Donald Dyfnwallon_Dyfnwallon Dynod_Donatus Dywel_Dywel Edern_Eternus Ednyfed_Ednyfed Ednywain Edryd_Ailred Edwyn_Edwin
			Edylfred_Aethelfred Einion Elfin_Alwin Elidyr Elis Elisedd Elud Elystan_Alstan Emrys_Ambrosius Enfidaig_Enfidaig Erb_Urban Erclwf_Heracles
			Eudaf_Octavius Ewyas Ffernfael_Ffernfael Ffilip_Philip Ffriog_Friog Ffwdwr Fragan_Fragan Ffransis_Fransis Fychan Fyrsil Gamon Garmon_German
			Geraint_Gerontius Gerallt_Gerald Glwyddien Glywys_Claudius Godwyn_Godwin Goronwy Gronw Gruffydd_Ruffinus Grygor_Gregory Guret Gwalchmai_Gavin
			Gwen Gwenwynwyn Gwerstan_Werestan Gwerthefyr_Vortimer Gwerthern_Vortigern Gwydol_Vitalis Gwydolin_Vitalinus Gwyn_Finn Gwidyr Gwilym_William
			Gwrfawr_Gwrfawr Gwrfoddw Gwrgant_Fergus Gwrgeneu_Gwrgeneu Gwrgi_Gwrgi Gwriad_Viriathius Harri_Henry Herewallt_Hereweald Huw_Hugh Hywel_Hywel
			Iago_Jacob Ivor_Ivar Idnerth_Idnerth Idwal_Idwal Idwallon_Idwallon Iestyn_Justin Ieuan_John Ifor_Ivar Io Ioan_John Iolo Iorwerth Ithel_Ithel
			Lles_Lucius Llew_Leon Llyr Llywarch_Llywarch Llywelyn Macsen_Maximos Madog_Matad Mael_Mael Maelcwn_Malcolm Maelgwn_Melgwn Maenyrch March_Marcus
			Maredudd_Murdoch Math_Matthew Mawgan_Mawgan Meilyr Meirchion_Marcianus Meiriadog_Meriadoc Meirion_Marianus Merfyn_Merfyn Meurig_Maurice
			Mihangel_Michael Morfarch_Morfarch Morgan_Morgan Morien_Morgen Morydd Mwyn_Mungo Myrddin_Martin Neithon_Nathan Nowy_Nowy Nynniaw Oswallt_Oswald
			Owain_Eugene Oucydd_Eochaid Padern Padrig_Patrick Pandoff Pasgen_Pascentius Padarn_Paternus Pawl_Paul Pedr_Peter Peredyr Publig Pyr
			Rheinallt_Reinhold Rhicert_Richard Rhigeneu_Ricenus Rhirid Rhiwal_Riwal Rhiwallon_Rhiwallon Rhobert_Robert Rhodri_Roderick Rhufon_Roman
			Rhun_Rucenus Rhydderch_Roderick Rhydog Rhys Riaged_Riacet Richwin_Richwin Sandde_Sanctus Sawyl_Samuel Seferus_Severin Seisyll_Cecil Selyf_Solomon
			Senyllt Serigi_Sergius Sieffre_Godfrey Sion Sior_George Siwauna Steffen_Stephen Stinian_Justinanius Sulien_Julian Taliesin_Telesinus Tegonwy
			Tegwyd_Tadg Teilo Teithfalch Teudebur Tewdos_Theodosius Tewdrig_Thierry Tewdwr_Theodore Tomos_Thomas Trahaearn Tudur Tudwal_Tuathal
			Tudwallon_Tudwallon Tydy Tyfoedd Tysilio Urien_Urbgenius Uthyr_Victor Ynyr_Honorius Ysfael
			
			Adoyre Adrien_Adrian Aedan_Hugh Agustin_Augustine Alan_Alan Alar_Alaric Aldrien_Aldroenus Alfrond Alor Alured_Alfred Alwen_Alwin Anaoc
			Anaubritou Anaugen Anauguethen Anauguoret Anauhocar Andreas_Andrew Aniud Anton_Antoninus Argantbri Argantmoet Arnalt_Arnold Arthel
			Arthguiu_Artorius Arthmael Arthueu_Artorius Arthuiu_Artorius Arthur_Arthur Austol Baldoen_Baldwin Bastian_Sebastian Beli_Beli Beltram_Bertrand
			Benabic Berenger_Berengar Bernead_Bernard Berthgualt_Berthoald Bledric_Bledrig Bledros Bleidcum Bletcu Blethin_Bleddyn Blethiut_Bleiddud
			Bodan Bran_Bran Brangualart_Branwaladr Branhucar Branoc Brenci Brendan Breselconan Breselcoucant Breselgar Breseloc Breselueu Brethoc
			Brient_Brian Brigualt Brioc_Briog Brithael Brochuael_Brogmaglus Bronmael Budguoret Budhoiarn Budic_Benedict Budoc Buhedoc Butgual Cadan
			Cadaouen Cadarvan Cadiou Cadoc_Cadog Cador_Cadwr Cadou_Cadw Cantgueithen Caradec_Caratacus Caradoc_Caradog Carantoc Catgualart_Cadwaladr
			Catuallon_Cadwallon Catguethen Catguoret_Cadwared Catgutic Cathno Catnimed Catuod Caurantin_Corentin Ceneu Cenguethen Cenmarhoc Cenmin
			Cenmonoc Cingur Cinhoedl Clemen_Clement Clodouan Clotwoïon Comoere Conan_Conan Concen_Cyngen Condeleu_Cynddelw Condidan_Cyndyddan Congar_Cyngar
			Conmael_Cynfael Conmonoc Conogan Conredeu Conuallon_Cynwallon Conmarch_Cynfarch Convelin_Cynfelyn Conwoïon Corguethen Courantgern Courantmonoc
			Culmin_Culmin Custent_Constans Custentin_Constantine Dauid_David Deniel_Daniel Denis_Denis Deroch Derrien Deui_David Deurhoiarn Domnoret Domuel_Dywel
			Donual_Donald Donuallon_Dyfnwallon Drogon_Drogo Duenerth Dumnarth_Donyarth Edern_Eternus Edouart_Edward Eguen_Eugene Eon Erispoë Erouan_Yves
			Estienne_Stephen Etgual Eudon_Otto Euhocar Euhoiarn Eusebi_Eusebius Even_Eugene Evrard_Everard Farinmael_Ffernfael Ferant_Ferdinand Fracan_Fragan
			Framual Fransaz_Francis Frioc_Friog Garmon_German Geofroi_Godfrey Geralt_Gerald Gereint_Gerontius Gestin_Justin Gilbert_Gilbert Godefroi_Godfrey
			Goennoc Gouesnon Goulwen Gouremor_Gwrfawr Gourmaelon Gralon Gratcant Gregor_Gregory Grifiud_Ruffinus Guallon Gualter_Walter Gudual Guecon Guenerdon
			Guenhael Guentanet Guentiern Gui_Guy Guiharan Guihomarch Guihomart Guilherm_William Guincalon Guincum Guinhael Guinhoiarn Guinoc Guinol_Winaloe
			Guithrit Guitol_Vitalis Guobrian Guocon Guoedanau Guoedatoe Guoednou Guoethoiarn Guoletec Guorbili Guordotal Guoretan Guorethoiarn Guorhoiarn
			Gurbodu Gurcant_Fergus Gurcencor Gurceneu_Gwrgeneu Gurci_Gwrgi Gurcon Gurdilic Gurgen Gurguaret Gurguist_Fergus Gurguistl_Fergus Gurheter
			Guriant_Viriathius Gurlouen Gurmael Gurmaeloc Gurmhaelon Gurthcid Gurthiern_Vortigern Guruant Guerech Gueroc Guethenan Guethencar Guethencor
			Guethenwoïon Guethenhoiarn Guethenoc Haelcomarch Haelguethen Haelguoret Haelhoiarn Haeloc Haeloubri_Herori Haermael Hammelin_Hamelin
			Hamon_Hamon Harscoit Hedyn Heranal Herri_Henry Hesdren Hincomhal Hinguethen Hocar Hoconan Honfroi_Humphrey Hoël_Hywel Huiarnal Huiarnbili
			Huiarnviu_Harvey Hunfroi_Humphrey Iacob_Jacob Iarcun Iarnbud Iarncant Iarncar Iarndetguid Iarnegon_Jarnegon Iarnuallon Iarnuocon Iarnhitin
			Iedechael Iehan_John Ilcarthon Ildut Iliud Inisian Iocilin_Joscelin Iodoc Ionas_Jonah Iosep_Joseph Iudcum Iuduallon_Idwallon Iudhael_Ithel
			Iudicael_Judicael Iudnerth_Idnerth Iudnimet_Ednyfed Iustoc Iudoc Iudual_Idwal Iumael Iunceneu Iunuocon Iunmonoc Jord_George Leucum Loi
			Lorens_Laurence Louenan Loumarch_Llywarch Louïs_Louis Maelcon_Maelgwn Maeldoï Maelhuedoc Maeloc Maelscoet Maelscuet Maenceneu Maenci
			March_Marcus Marthin_Martin Matheudoï Mathias_Matthew Matoc_Matad Matuid Maugan Mauric_Maurice Medrod_Mordred Meldroc Meriadoc_Meriadoc
			Mermin_Merfyn Meugan_Mawgan Meven Michel_Michael Morcant_Morgan Morcondeleu Morgen_Morgen Morguethen Morhaetho Mormarch_Morfarch Morvan
			Mortiern Neven Nicolas_Nicholas Nodethael Nodhoiarn Nominoë Nougui_Nowy Oliuer_Oliver Oswallt_Oswald Padric_Patrick Paol_Paul Pascueten_Pasquitan
			Patern_Paternus Petroc Phelippe_Phillip Piran Prigent Primael Primarhoc Putrael Pêr_Peter Ralf_Ralph Raoul_Ralph Renan Resmen Riacet_Riacet
			Ribald Ricart_Richard Riceneu_Ricenus Richwin_Richwin Ridoredh Riualtr Rihouen Rinduran Rioc Riol Riwal_Riwal Riuallon_Rhiwallon Rodric_Roderick
			Roenualloc Roenuallon Roenuolou Roenhoiarn Rolland_Roland Ronan_Ronan Roparth_Robert Roucen_Rucenus Rumon_Roman Ryd Salenn Salomon_Solomon Samson
			Samuel_Samuel Stefen_Stephen Sulgen_Julian Sulhoiarn Sulmonoc Sultiern Talan Talhoiarn Tanci Tanet Tanhoiarn Telent Terithien Tethion Teudric_Thierry
			Teudur_Theodore Tibault_Theobald Tiernan Tiernmael Tiernoc Tiernualloc Tiernuallon Treveur Tristan_Tristan Tuduallon_Tudwallon Tudur Tugdual_Tuathal
			Ungust Urbcen_Urbgenius Urbien_Urban Urblon Urvod Uther_Victor Vincenne_Vincent
			
			Arncytel Balthere Beorhtfrith Beorhthelm Beorhtmær Beorhtnoth Beorhtric Beorhtsige Beorhtwine_Beorhtwine Beorn_Beorn Beornræd Beornwulf
			Burgheard_Bouchard Byrhtnoth Cearl_Charles Cenfus Cenræd_Konrad Cenwulf Ceolwulf Cerdic_Caradog Copsige
			Cuthberht_Cuthbert Cuthræd Cynehelm Cynewulf Cytelbearn Eadberht Eadfrith Eadgar_Edgar Eadmund_Edmund Eadmær Eadric
			Eadræd Eadsige Eadulf_Adolf Eadweald Eadweard Eadwig Eadwine_Edwin Eadwulf_Adolf Ealdhun Ealdmund Ealdræd Ealdwine_Alwin
			Ealdwulf Eanberht Eanfrith Eanhere Eardwulf Eastmund Ecgberht Ecgfrith Gamall Godwine Gospatric Guthfrith_Godfrey Guthmund_Gudmund
			Gyrth Hacon_Hakon Harold_Harold Heahberht Hereberht_Herbert Hereweald_Hereweald Hereweard Hlothere_Lothair Hrodberht_Robert Inwær_Ingvar Leofheah Leofhelm
			Leofric Leofweald Leofwine Maccus_Maccus Morcar_Marcus Mærleswegn Offa_Uffe Onlaf_Olaf Ordgar
			Oscytel Oshere Osmund Osric Osræd Osulf_Osulf Osweald Oswine Oswulf_Osulf Petre_Peter Rædwulf_Ralph Rægenweald_Reinhold Scule_Skule
			Sigeberht Sigehelm Sigeric Sigeræd Sighere Siweard_Sigurd Stigand Swegn_Sven Swithelm Swithræd Swæfræd Sæbert Sælræd Sæweald
			Sæxbald Sæxræd Thoræd Thurcytel_Torkel Thurfrith Tostig_Toste Uhtræd_Uhtred Ulf_Ulf Ulfcytel Waltheof_Waltheof Werestan_Werestan Wiglaf Wihtræd_Withred
			Wistan Wulf_Ulf Wulfgar Wulfgeat Wulfhelm Wulfhere Wulfmær Wulfnoth Wulfstan Ælfgar Ælfmær Ælfnoth Ælfric Ælfræd_Alfred Ælfsige
			Ælfstan_Alstan Ælfwald Ælfweard Ælfwig Ælfwine_Alwin Ælle_Alwin Æthelbald Æthelberht_Albert Æthelfrith_Ethelfrith Æthelhere Æthelmær_Adémar
			Æthelric Æthelræd_Ailred Æthelsige Æthelstan_Alstan Æthelweald_Æthelwold Æthelweard Æthelwine_Alwin Æthelwold_Æthelwold Æthelwulf_Adolf
			Eormenred Eorcenberht Eormenric Eadbald Rædwald
		}
		female_names = {
			Addiena_Addiena Aelwyd_Aelwyd Aeronwen Aeronwy Afrella_Abrelda Alys_Alice Angharad Annes_Anna Annest_Agnes Annwyl Anowed Arddyn Arianrhod
			Blodwen Bronwen_Bronwen Catrin_Catherine Ceindrych_Cagintria Ceridwen Cerie Cerys Cicely_Cecilia Clarisant Creirwy_Creirwy Cristin_Christina Danhadlwen
			Delyth Denis_Denise Dwynwen Dwywai Dyddgu Efa_Eva Effros_Euphrasia Efrddyl_Aurelia Efyrddyl_Aurelia Eiliwedd Elaine_Elaine Elen_Helen Eleri_Hilaria
			Elinion Elinor_Eleanor Ellyn Enid Essyllt_Hersilia Euronwy Ffelis_Felicia Ffion Fflur_Flora Ffraid_Brigit Glynys Gwen_Gwen Gwenasedd Gwenfrewi_Winifred Gwenhwyfach
			Gwenhwyfar Gwenllian Gwenwyn Gwerfyl_Gwerfyl Gwladys_Claudia Haer Hawys_Hawise Heledd Hellawes Heulwen Hunydd Hywela Ilud Isabel_Elizabeth
			Llear_Clara Llecci Lleigy Lleuca_Lucia Lowry Mabyn Maches Madrun_Matrona Maelrys Mair_Maria Mali Mallt Marared_Margaret Marchell_Marcella Margred_Margaret
			Marwenna Mawd_Matilda Melisant_Melisende Morganna_Morganna Morien_Murron Myfanwy Nest_Agnes Nesta_Agnes Newlyna_Neulenna Non_Nonna
			Olwen_Olwen Onbrawst Owena_Eugenia Prawst Ragnell_Ragnhild Rhiaindrech_Rioantdrec Rhiainfelt_Regina Rhiannon_Rhiannon Rhonwen Sannant Sara_Sarah
			Senena Sibyl_Sibylla Sioned_Joan Siwan Siân_Joan Susanna_Susan Tangwystl_Tancostyla Tegla_Thecla Ysbail_Elizabeth Ystradwel
			
			Aanor Abrelda_Abrelda Adela_Adela Adelaïda_Adelaide Adelindis_Adelinde Adeltrudis_Adeltrudis Aedoc Aeluit_Aelwyd Agnes_Agnes Alana Alis_Alice Anaguistl Anaudat Anaudrec
			Anauhouguel Anauprost Andrea Anna_Anna Aourcen Aouregan Aourell Aouren Argantan Argantdrec Arganteila Arganteilin Argantguistl Arganthael Argantlon
			Argantmoet Artaca Avandrec Avenie Beladora_Beladore Berchet_Brigid Berengaria Bernegarda Berta Berthildis_Bertha Bertissa Bleutuen_Blodwen Brendana
			Bronuen_Bronwen Buriana Canna Cateline_Catherine Catguistl Cecilia_Cecilia Ceindrec_Cagintria Ceinguled Cleirui_Creirwy Condeleu Constansa_Constance
			Cristen_Christina Dengel Deniela Denise_Denise Diuset Dreanau Drebiu Dreguoreth Drelouguen Drichglur Drilego Duihon Elara Eleanor_Eleanor Eleina_Elaine
			Elena_Helen Elesbed_Elizabeth Elisaued_Elizabeth Elwen Emma_Emma Endellion Ennoguent Enoguen Enora Eonnecte_Joan Erouana_Yvonne Ewsannec Fuandrec Gaela
			Geberga_Geberga Glades_Claudia Gloiucen Gloiumed Guelet Guenbrith Guencen Guencenedl Guencor Guenguerthlon Guenguistl Guenguiu Guenmon Guenna Guenneret
			Guennguar Gueruel_Gwerfyl Guigoëdon Guillemecte_Williamette Gwenn_Gwen Halbiu Hawis_Hawise Herannuen Hodierne Igerna Ignoguen Ilcum Ildegarda_Hildegard
			Iofa Iouenna_Joan Isabelle_Elizabeth Iseult_Hersilia Iudhent Iudlouguen Iudprost Janed_Joan Judhael_Judith Languoret Leonore_Eleanor Leueer Leuhemel
			Leuoc Louhelic Luncen Maben Magdalene_Magdalena Marguarite_Margaret Mari_Maria Medguistl Meduil Melita Meonre Milian Mona_Mona Morganne_Morganna
			Morguetel Moruen_Murron Moruith Morvana Neulenna_Neulenna Nodguoret Nodiunet Nolwenne Nonne_Nonna Oncenedl Oncum Onguen Ordguydel Ourcen Ourdilic Perenn
			Proscen Prosguetel Prostlon Rannoeu Riguistl Rimoet Rioanon Rioanon_Rhiannon Rioantcen Rioantdrec_Rioantdrec Rioantel Rioantguellt_Regina Roenhael Roinoc
			Ronana Rozenn Rum Rumun Seva Stefania_Stephania Steren Sulcar Sulcen Sulgubri Sulgwen Sulleisoc Sulmed Susanne_Susan Tandrec Tanetbiu Tanetlowen
			Tanguistl_Tancostyla Tedvil Tephaine Thomine Tibourge_Tiburge Trifine Tristana Uriell
			
			Agatha_Agatha Balthild Beorhtflæd Beorhtgifu Beorhtgyth Beorhtwaru Beorhtwynn Beornflæd Beorngyth Blæja Burgflæd Ceolflæd Cristina_Christina
			Cuthburg Cwenburg Cyneburg Cynegyth Cynehild Cyneswith Cynethryth Eadburg Eadflæd Eadgifu Eadgyth_Edith Eadhburh Eadhild Ealdgyth_Edith
			Ealhflæd Ealhswith Eanswith Ecgfrida Ecgwyn Godgifu Gunhilda_Gunhild Gytha_Gyda Helga_Helga Heregyth Hereswith Hextilda Hungifu Judith_Judith
			Leofflæd Leofgifu Leofrun Leofwaru Leofwynn Margaret_Margaret Maud_Matilda Mildrith Octreda Sifflæd Sigrid_Sigrid Sæthryth Wulfflæd Wulfgifu
			Wulfgyth Wulfhild Wulfrun Wulfthryth Wulfwaru Wulfwynn Wynnflæd Wærburg Æbba Ælfflæd_Ælflæda Ælfgifu Ælfgyth Ælflæda_Ælflæda Ælfrida
			Ælfswith Ælfthryth Ælfwynn Æthelburg Æthelflæd Æthelgifu Æthelhild Æthelræda_Æthelreda Æthelswith Æthelthryth_Æthelreda
			Æthelburh Seaxburh Wihtburh
		}
		
		dukes_called_kings = yes
		
		from_dynasty_prefix = ""
		male_patronym = "sson"
		female_patronym = "sdohtor"
		prefix = no # The patronym is added as a suffix
		bastard_dynasty_prefix = "Fitz"


		modifier = default_culture_modifier

		# Chance of male children being named after their paternal or maternal grandfather, or their father. Sum must not exceed 100.
		pat_grf_name_chance = 80
		mat_grf_name_chance = 0
		father_name_chance = 0
		
		# Chance of female children being named after their paternal or maternal grandmother, or their mother. Sum must not exceed 100.
		pat_grm_name_chance = 10
		mat_grm_name_chance = 50
		mother_name_chance = 0
	}
}

